,l2_kdf,l2_rf,linf_kdf,linf_rf,err_kdf,err_rf,err_adv_kdf,err_adv_rf,rep,samples_attack,samples
0,1.3329472541809082,1.436137080192566,1.0459502935409546,1.3052514791488647,0.25,0.27083333333333337,1.0,1.0,0,50,33
1,1.3946630954742432,1.3070995807647705,1.1093206405639648,1.1524817943572998,0.3125,0.35416666666666663,1.0,1.0,1,50,33
2,1.5032774209976196,1.4679179191589355,1.2044769525527954,1.3753803968429565,0.27083333333333337,0.33333333333333337,1.0,1.0,2,50,33
3,1.4707038402557373,1.6956171989440918,1.1741825342178345,1.461288332939148,0.29166666666666663,0.29166666666666663,1.0,1.0,3,50,33
4,1.6908018589019775,1.6298965215682983,1.396325945854187,1.5122265815734863,0.27083333333333337,0.41666666666666663,1.0,1.0,4,50,33
