,l2_kdf,l2_rf,linf_kdf,linf_rf,err_kdf,err_rf,err_adv_kdf,err_adv_rf,rep,samples_attack,samples
0,18.458345413208008,34.362483978271484,12.859819412231445,27.195693969726562,0.321969696969697,0.2954545454545454,0.84,1.0,0,50,133
1,12.060567855834961,33.242713928222656,9.008463859558105,26.14337158203125,0.36363636363636365,0.31818181818181823,0.78,1.0,1,50,133
2,14.141284942626953,29.342100143432617,10.615348815917969,21.745704650878906,0.3560606060606061,0.30681818181818177,0.8200000000000001,1.0,2,50,133
3,13.293256759643555,32.68484878540039,9.487746238708496,22.758441925048828,0.31439393939393945,0.31060606060606055,0.84,1.0,3,50,133
4,19.699979782104492,27.097497940063477,13.743852615356445,18.883861541748047,0.3446969696969697,0.28409090909090906,0.96,1.0,4,50,133
