,l2_kdf,l2_rf,linf_kdf,linf_rf,err_kdf,err_rf,err_adv_kdf,err_adv_rf,rep,samples_attack,samples
0,119.58485412597656,163069.15625,99.4703598022461,70099.109375,0.2571428571428571,0.2142857142857143,0.42000000000000004,0.6599999999999999,0,50,72
1,109.56425476074219,74.48987579345703,95.79508972167969,59.968719482421875,0.27142857142857146,0.2142857142857143,0.43999999999999995,0.56,1,50,72
2,111.3960952758789,0.04871249571442604,93.37362670898438,0.04508373141288757,0.27142857142857146,0.17142857142857137,0.42000000000000004,0.5800000000000001,2,50,72
3,0.0,0.0,0.0,0.0,0.27142857142857146,0.5,0.0,0.0,3,50,72
4,98.41880798339844,7.341831684112549,86.6180191040039,5.817465782165527,0.27142857142857146,0.2571428571428571,0.38,0.62,4,50,72
