,l2_kdf,l2_rf,linf_kdf,linf_rf,err_kdf,err_rf,err_adv_kdf,err_adv_rf,rep,samples_attack,samples
0,51.097076416015625,22.344606399536133,34.975582122802734,11.145583152770996,0.3813559322033898,0.3813559322033898,0.42000000000000004,0.5800000000000001,0,50,118
1,54.440399169921875,24.969322204589844,36.29975128173828,12.298184394836426,0.30508474576271183,0.3389830508474576,0.56,0.43999999999999995,1,50,118
2,45.60273361206055,21.098119735717773,32.80241394042969,12.40386962890625,0.27118644067796616,0.27118644067796616,0.43999999999999995,0.56,2,50,118
3,46.40803146362305,31.416519165039062,30.849868774414062,16.027132034301758,0.27118644067796616,0.3305084745762712,0.45999999999999996,0.54,3,50,118
4,2.0451459884643555,29.329235076904297,1.565557599067688,16.191089630126953,0.35593220338983056,0.4491525423728814,0.26,0.74,4,50,118
