,l2_kdf,l2_rf,linf_kdf,linf_rf,err_kdf,err_rf,err_adv_kdf,err_adv_rf,rep,samples_attack,samples
0,8.270099639892578,9.288865089416504,3.3694469928741455,5.281513214111328,0.048484848484848464,0.10151515151515156,0.92,1.0,0,50,134
1,8.326152801513672,9.741854667663574,3.440457344055176,5.372000217437744,0.048484848484848464,0.12575757575757573,0.84,1.0,1,50,134
2,8.374137878417969,8.332071304321289,3.5638294219970703,4.552946090698242,0.07272727272727275,0.12727272727272732,0.92,1.0,2,50,134
3,8.079263687133789,9.629175186157227,3.4852142333984375,5.711777210235596,0.039393939393939426,0.09848484848484851,0.9,1.0,3,50,134
4,8.510052680969238,10.559160232543945,3.4556286334991455,5.7884063720703125,0.05757575757575761,0.10757575757575755,0.9,1.0,4,50,134
