,l2_kdf,l2_rf,linf_kdf,linf_rf,err_kdf,err_rf,err_adv_kdf,err_adv_rf,rep,samples_attack,samples
0,0.7554614543914795,121.593505859375,0.6005582213401794,69.13085174560547,0.23484848484848486,0.34696969696969693,0.9,1.0,0,50,134
1,0.7487610578536987,143.2863311767578,0.5897023677825928,60.95860290527344,0.2318181818181818,0.343939393939394,0.86,1.0,1,50,134
2,0.8121538758277893,161.07789611816406,0.648978590965271,77.56851196289062,0.24696969696969695,0.3666666666666667,0.88,1.0,2,50,134
3,0.7541992664337158,138.89895629882812,0.572131872177124,67.93695068359375,0.25757575757575757,0.3606060606060606,0.8,1.0,3,50,134
4,0.8438931107521057,102.20275115966797,0.6752931475639343,51.220123291015625,0.25303030303030305,0.36969696969696975,0.92,1.0,4,50,134
