,l2_kdf,l2_rf,linf_kdf,linf_rf,err_kdf,err_rf,err_adv_kdf,err_adv_rf,rep,samples_attack,samples
0,2.125744104385376,20.809629440307617,1.9402445554733276,10.882040023803711,0.43981481481481477,0.30092592592592593,0.48,0.52,0,50,217
1,0.8160614967346191,21.790489196777344,0.7344782948493958,10.718513488769531,0.3287037037037037,0.2407407407407407,0.54,0.45999999999999996,1,50,217
2,1.3837467432022095,27.795549392700195,1.2700945138931274,14.855360984802246,0.37962962962962965,0.3194444444444444,0.45999999999999996,0.54,2,50,217
3,1.8467313051223755,43.19379806518555,1.6723300218582153,22.08829116821289,0.3564814814814815,0.29166666666666663,0.36,0.64,3,50,217
4,29.89385223388672,24.639604568481445,22.001853942871094,11.892922401428223,0.29166666666666663,0.28240740740740744,0.5,0.5,4,50,217
