,l2_kdf,l2_rf,linf_kdf,linf_rf,err_kdf,err_rf,err_adv_kdf,err_adv_rf,rep,samples_attack,samples
0,3.2809641361236572,19.502779006958008,3.2131972312927246,16.225282669067383,0.2865168539325843,0.2808988764044944,0.5,0.92,0,50,179
1,2.9346530437469482,39.741031646728516,2.8618862628936768,33.9793586730957,0.2808988764044944,0.3033707865168539,0.52,1.0,1,50,179
2,0.9877450466156006,47.81581497192383,0.9649165272712708,39.74860763549805,0.2640449438202247,0.2415730337078652,0.56,1.0,2,50,179
3,1.3083281517028809,20.954364776611328,1.2776039838790894,17.589107513427734,0.2865168539325843,0.2584269662921348,0.54,1.0,3,50,179
4,2.4887497425079346,44.715152740478516,2.406033992767334,35.55070495605469,0.2584269662921348,0.2584269662921348,0.48,0.92,4,50,179
