,l2_kdf,l2_rf,linf_kdf,linf_rf,err_kdf,err_rf,err_adv_kdf,err_adv_rf,rep,samples_attack,samples
0,0.26224133372306824,0.3120448589324951,0.0973983183503151,0.14405566453933716,0.23333333333333328,0.2621212121212121,0.92,1.0,0,50,134
1,0.2658984959125519,0.34663376212120056,0.1040758416056633,0.15487055480480194,0.21212121212121215,0.25909090909090904,0.9,1.0,1,50,134
2,0.28577446937561035,0.373725026845932,0.11182235926389694,0.16718564927577972,0.2378787878787879,0.25303030303030305,0.8200000000000001,1.0,2,50,134
3,0.24221862852573395,0.3701688349246979,0.09395274519920349,0.17315801978111267,0.22878787878787876,0.2606060606060606,0.88,1.0,3,50,134
4,0.26912757754325867,0.324796587228775,0.10247623175382614,0.15086711943149567,0.21969696969696972,0.2772727272727272,0.88,1.0,4,50,134
